<?xml version="1.0" encoding="UTF-8"?>
<userOverrides>
    <override>
        <path>D:\work\ArmProjects\USB_I2S_PRIME_SUPER\User\Inc\usb_audio_descriptors.h</path>
        <encoding>Win-1251</encoding>
    </override>
    <override>
        <path>D:\work\ArmProjects\USB_I2S_PRIME_SUPER\User\Inc\usbd_audio_hid_wrapper.h</path>
        <encoding>Win-1251</encoding>
    </override>
    <override>
        <path>D:\work\ArmProjects\USB_I2S_PRIME_SUPER\User\Src\main.c</path>
        <encoding>Win-1251</encoding>
    </override>
    <override>
        <path>D:\work\ArmProjects\USB_I2S_PRIME_SUPER\User\Src\usb_audio_descriptors.c</path>
        <encoding>Win-1251</encoding>
    </override>
    <override>
        <path>D:\work\ArmProjects\USB_I2S_PRIME_SUPER\User\Src\usbd_audio_hid_wrapper.c</path>
        <encoding>Win-1251</encoding>
    </override>
    <override>
        <path>D:\work\ArmProjects\USB_I2S_PRIME_SUPER_v1.4\User\Src\main.c</path>
        <encoding>Win-1251</encoding>
    </override>
    <override>
        <path>F:\ArmProjects\USB_I2S_PRIME_SUPER\User\Inc\Board.h</path>
        <encoding>Win-1251</encoding>
    </override>
    <override>
        <path>F:\ArmProjects\USB_I2S_PRIME_SUPER\User\Src\SAI.c</path>
        <encoding>Win-1251</encoding>
    </override>
    <override>
        <path>F:\ArmProjects\USB_I2S_PRIME_SUPER\User\Src\audio_configuration.c</path>
        <encoding>System</encoding>
    </override>
    <override>
        <path>F:\ArmProjects\USB_I2S_PRIME_SUPER\User\Src\main.c</path>
        <encoding>Win-1251</encoding>
    </override>
    <override>
        <path>F:\ArmProjects\USB_I2S_PRIME_SUPER_v1.1\Audio\Src\audio_usb_playback_session.c</path>
        <encoding>Win-1251</encoding>
    </override>
    <override>
        <path>F:\ArmProjects\USB_I2S_PRIME_SUPER_v1.1\User\Src\SAI.c</path>
        <encoding>Win-1251</encoding>
    </override>
    <override>
        <path>F:\ArmProjects\USB_I2S_PRIME_SUPER_v1.1\User\Src\audio_speaker_node.c</path>
        <encoding>Win-1251</encoding>
    </override>
    <override>
        <path>F:\ArmProjects\USB_I2S_PRIME_SUPER_v1.1\User\Src\main.c</path>
        <encoding>Win-1251</encoding>
    </override>
</userOverrides>
